Марка;Ссылка;Цена в $;Цена в UAH;Город
Bentley Bentayga 2020;https://auto.ria.com/newauto/auto-bentley-bentayga-1842622.html;337 326 $;9 340 989 грн;Киев
Bentley Continental GT 2020;https://auto.ria.com/newauto/auto-bentley-continental-gt-1838372.html;332 624 $;8 645 650 грн;Киев
Bentley Continental GT V8 2020;https://auto.ria.com/newauto/auto-bentley-continental-gt-v8-1834527.html;348 791 $;9 065 865 грн;Киев
Bentley Continental GT 2020;https://auto.ria.com/newauto/auto-bentley-continental-gt-1838371.html;343 203 $;8 920 600 грн;Киев
Bentley Continental GT 2020;https://auto.ria.com/newauto/auto-bentley-continental-gt-1841015.html;309 717 $;8 576 460 грн;Киев
Bentley Continental GT V8 2019;https://auto.ria.com/newauto/auto-bentley-continental-gt-v8-1834525.html;331 684 $;8 621 210 грн;Киев
Bentley Bentayga 2020;https://auto.ria.com/newauto/auto-bentley-bentayga-1834267.html;317 344 $;8 787 658 грн;Киев
Bentley Mulsanne 2019;https://auto.ria.com/newauto/auto-bentley-mulsanne-1818313.html;646 443 $;16 802 500 грн;Киев
Bentley Continental 2019;https://auto.ria.com/newauto/auto-bentley-continental-1804570.html;376 112 $;9 776 000 грн;Киев
Bentley Bentayga 2020;https://auto.ria.com/newauto/auto-bentley-bentayga-1834268.html;340 851 $;9 438 598 грн;Киев
Bentley Bentayga 2020;https://auto.ria.com/newauto/auto-bentley-bentayga-1834268.html;340 851 $;9 438 598 грн;Киев
Bentley Flying Spur 2020;https://auto.ria.com/newauto/auto-bentley-flying-spur-1843730.html;376 112 $;9 776 000 грн;Киев
Bentley Continental GT V8 2019;https://auto.ria.com/newauto/auto-bentley-continental-gt-v8-1834526.html;352 100 $;9 151 863 грн;Киев
Bentley Bentayga 2019;https://auto.ria.com/newauto/auto-bentley-bentayga-1814324.html;317 345 $;8 248 500 грн;Киев
Bentley Continental GT V8 2019;https://auto.ria.com/newauto/auto-bentley-continental-gt-v8-1834523.html;332 989 $;8 655 120 грн;Киев
Bentley Flying Spur 2020;https://auto.ria.com/newauto/auto-bentley-flying-spur-1832174.html;374 937 $;9 745 450 грн;Киев
Bentley Bentayga 2020;https://auto.ria.com/newauto/auto-bentley-bentayga-1834270.html;411 372 $;11 391 418 грн;Киев
Bentley Mulsanne 2020;https://auto.ria.com/newauto/auto-bentley-mulsanne-1834280.html;587 674 $;16 273 468 грн;Киев
Bentley Continental GT 2020;https://auto.ria.com/newauto/auto-bentley-continental-gt-1837988.html;352 604 $;9 764 068 грн;Киев
Bentley Mulsanne 2020;https://auto.ria.com/newauto/auto-bentley-mulsanne-1826367.html;587 674 $;16 273 468 грн;Киев
Bentley Continental GT 2020;https://auto.ria.com/newauto/auto-bentley-continental-gt-1833172.html;352 604 $;9 764 068 грн;Киев
Bentley Continental GT 2020;https://auto.ria.com/newauto/auto-bentley-continental-gt-1834273.html;352 604 $;9 764 068 грн;Киев
Bentley Flying Spur 2020;https://auto.ria.com/newauto/auto-bentley-flying-spur-1842613.html;411 372 $;11 391 418 грн;Киев
Bentley Flying Spur 2020;https://auto.ria.com/newauto/auto-bentley-flying-spur-1841051.html;411 372 $;11 391 418 грн;Киев
Bentley Flying Spur 2020;https://auto.ria.com/newauto/auto-bentley-flying-spur-1833646.html;391 392 $;10 838 151 грн;Киев
Bentley Continental GT 2020;https://auto.ria.com/newauto/auto-bentley-continental-gt-1838036.html;393 743 $;10 903 245 грн;Киев
Bentley Bentayga 2020;https://auto.ria.com/newauto/auto-bentley-bentayga-1838864.html;340 851 $;9 438 598 грн;Киев
Bentley Bentayga 2020;https://auto.ria.com/newauto/auto-bentley-bentayga-1822109.html;423 125 $;11 716 888 грн;Киев
Bentley Continental GT V8 2020;https://auto.ria.com/newauto/auto-bentley-continental-gt-v8-1821884.html;470 139 $;13 018 768 грн;Киев
Bentley Mulsanne 2020;https://auto.ria.com/newauto/auto-bentley-mulsanne-1818405.html;587 674 $;16 273 468 грн;Киев
Bentley Mulsanne 2020;https://auto.ria.com/newauto/auto-bentley-mulsanne-1818405.html;587 674 $;16 273 468 грн;Киев
